{
  "PostgreSQL_TesCase#4" : {
    "transaction" : "PostgreSQL_TesCase#4",
    "sampleCount" : 100,
    "errorCount" : 18,
    "errorPct" : 18.0,
    "meanResTime" : 739.0599999999997,
    "minResTime" : 543.0,
    "maxResTime" : 1372.0,
    "pct1ResTime" : 974.0,
    "pct2ResTime" : 1063.3499999999997,
    "pct3ResTime" : 1371.93,
    "throughput" : 8.365400702693659,
    "receivedKBytesPerSec" : 1.806812181069098,
    "sentKBytesPerSec" : 0.0
  },
  "Total" : {
    "transaction" : "Total",
    "sampleCount" : 400,
    "errorCount" : 18,
    "errorPct" : 4.5,
    "meanResTime" : 222.62249999999995,
    "minResTime" : 25.0,
    "maxResTime" : 1372.0,
    "pct1ResTime" : 707.9000000000001,
    "pct2ResTime" : 893.9,
    "pct3ResTime" : 1148.1600000000008,
    "throughput" : 33.43083994985374,
    "receivedKBytesPerSec" : 2.074491354993732,
    "sentKBytesPerSec" : 0.0
  },
  "PostgreSQL_TesCase#2" : {
    "transaction" : "PostgreSQL_TesCase#2",
    "sampleCount" : 100,
    "errorCount" : 0,
    "errorPct" : 0.0,
    "meanResTime" : 53.22999999999998,
    "minResTime" : 27.0,
    "maxResTime" : 506.0,
    "pct1ResTime" : 199.500000000001,
    "pct2ResTime" : 235.74999999999994,
    "pct3ResTime" : 503.36999999999864,
    "throughput" : 19.89258006763477,
    "receivedKBytesPerSec" : 0.2136898249452954,
    "sentKBytesPerSec" : 0.0
  },
  "PostgreSQL_TesCase#3" : {
    "transaction" : "PostgreSQL_TesCase#3",
    "sampleCount" : 100,
    "errorCount" : 0,
    "errorPct" : 0.0,
    "meanResTime" : 48.81000000000001,
    "minResTime" : 25.0,
    "maxResTime" : 498.0,
    "pct1ResTime" : 196.500000000001,
    "pct2ResTime" : 221.79999999999995,
    "pct3ResTime" : 495.31999999999863,
    "throughput" : 20.08838891120932,
    "receivedKBytesPerSec" : 0.2157932402571314,
    "sentKBytesPerSec" : 0.0
  },
  "PostgreSQL_TesCase#1" : {
    "transaction" : "PostgreSQL_TesCase#1",
    "sampleCount" : 100,
    "errorCount" : 0,
    "errorPct" : 0.0,
    "meanResTime" : 49.39000000000001,
    "minResTime" : 25.0,
    "maxResTime" : 518.0,
    "pct1ResTime" : 193.1000000000008,
    "pct2ResTime" : 225.5499999999999,
    "pct3ResTime" : 515.1299999999985,
    "throughput" : 20.14098690835851,
    "receivedKBytesPerSec" : 0.21635825780463244,
    "sentKBytesPerSec" : 0.0
  }
}