{
  "Total" : {
    "transaction" : "Total",
    "sampleCount" : 10,
    "errorCount" : 0,
    "errorPct" : 0.0,
    "meanResTime" : 247.90000000000003,
    "minResTime" : 214.0,
    "maxResTime" : 491.0,
    "pct1ResTime" : 465.7000000000001,
    "pct2ResTime" : 491.0,
    "pct3ResTime" : 491.0,
    "throughput" : 2.112378538234051,
    "receivedKBytesPerSec" : 0.0226915663286861,
    "sentKBytesPerSec" : 0.0
  },
  "PostgreSQL_TesCase#1" : {
    "transaction" : "PostgreSQL_TesCase#1",
    "sampleCount" : 10,
    "errorCount" : 0,
    "errorPct" : 0.0,
    "meanResTime" : 247.90000000000003,
    "minResTime" : 214.0,
    "maxResTime" : 491.0,
    "pct1ResTime" : 465.7000000000001,
    "pct2ResTime" : 491.0,
    "pct3ResTime" : 491.0,
    "throughput" : 2.112378538234051,
    "receivedKBytesPerSec" : 0.0226915663286861,
    "sentKBytesPerSec" : 0.0
  }
}