{
  "PostgreSQL_TestCase#3" : {
    "transaction" : "PostgreSQL_TestCase#3",
    "sampleCount" : 1000,
    "errorCount" : 58,
    "errorPct" : 5.8,
    "meanResTime" : 53.51300000000007,
    "minResTime" : 25.0,
    "maxResTime" : 558.0,
    "pct1ResTime" : 159.79999999999995,
    "pct2ResTime" : 229.0,
    "pct3ResTime" : 252.99,
    "throughput" : 164.04199475065616,
    "receivedKBytesPerSec" : 2.585904178969816,
    "sentKBytesPerSec" : 0.0
  },
  "Total" : {
    "transaction" : "Total",
    "sampleCount" : 1000,
    "errorCount" : 58,
    "errorPct" : 5.8,
    "meanResTime" : 53.51300000000007,
    "minResTime" : 25.0,
    "maxResTime" : 558.0,
    "pct1ResTime" : 159.79999999999995,
    "pct2ResTime" : 229.0,
    "pct3ResTime" : 252.99,
    "throughput" : 164.04199475065616,
    "receivedKBytesPerSec" : 2.585904178969816,
    "sentKBytesPerSec" : 0.0
  }
}